{
  "config_path": "config/total_view_data.yaml",
  "cases": [
    {
      "case_id": "119452_114cbeb4_0000",
      "drawing_path": "training_data/drawings_svg/119452_114cbeb4_0000.svg",
      "reference_step_path": "training_data/shapes_step/119452_114cbeb4_0000.step",
      "candidate_records": [
        {
          "name": "profile_extrude_f",
          "code_path": "reports/training_orthographic_case_study/code/119452_114cbeb4_0000__profile_extrude_f.py",
          "step_path": "reports/training_orthographic_case_study/steps/119452_114cbeb4_0000__profile_extrude_f.step",
          "success": true,
          "stderr": "",
          "bounding_box_iou": 7.300804991626806e-05,
          "volume_ratio": 0.00014329936728180845,
          "face_count_ratio": 0.7,
          "reprojection_score": 0.5583998467669159,
          "visible_line_f1": 0.7972595182886746,
          "hidden_line_f1": 0.31954017524515704,
          "bbox_scale_ratio": 18.953001897822826,
          "consensus_extents": {
            "x": 482.8125,
            "y": 962.8125,
            "z": 482.8125
          },
          "hidden_feature_count": 0,
          "views": {
            "f": {
              "score": 0.3756945586580199,
              "visible_f1": 0.7513891173160397,
              "hidden_f1": 0.0
            },
            "r": {
              "score": 0.6397885431339777,
              "visible_f1": 0.8000964835106613,
              "hidden_f1": 0.47948060275729404
            },
            "t": {
              "score": 0.65971643850875,
              "visible_f1": 0.8402929540393227,
              "hidden_f1": 0.4791399229781771
            }
          }
        },
        {
          "name": "visual_hull_hidden",
          "code_path": "reports/training_orthographic_case_study/code/119452_114cbeb4_0000__visual_hull_hidden.py",
          "step_path": "reports/training_orthographic_case_study/steps/119452_114cbeb4_0000__visual_hull_hidden.step",
          "success": true,
          "stderr": "",
          "bounding_box_iou": 7.297190622104782e-05,
          "volume_ratio": 3.3113844558743944e-05,
          "face_count_ratio": 0.8235294117647058,
          "reprojection_score": 0.3826524027411256,
          "visible_line_f1": 0.6230931813117192,
          "hidden_line_f1": 0.1422116241705321,
          "bbox_scale_ratio": 18.952747598218522,
          "consensus_extents": {
            "x": 482.8125,
            "y": 962.8125,
            "z": 482.8125
          },
          "hidden_feature_count": 0,
          "views": {
            "f": {
              "score": 0.35507410800744044,
              "visible_f1": 0.506943521572638,
              "hidden_f1": 0.2032046944422429
            },
            "r": {
              "score": 0.3836353259718544,
              "visible_f1": 0.7672706519437088,
              "hidden_f1": 0.0
            },
            "t": {
              "score": 0.409247774244082,
              "visible_f1": 0.5950653704188106,
              "hidden_f1": 0.22343017806935334
            }
          }
        }
      ],
      "legacy_best": {
        "name": "visual_hull_hidden",
        "code_path": "reports/training_orthographic_case_study/code/119452_114cbeb4_0000__visual_hull_hidden.py",
        "step_path": "reports/training_orthographic_case_study/steps/119452_114cbeb4_0000__visual_hull_hidden.step",
        "success": true,
        "stderr": "",
        "bounding_box_iou": 7.297190622104782e-05,
        "volume_ratio": 3.3113844558743944e-05,
        "face_count_ratio": 0.8235294117647058,
        "reprojection_score": 0.3826524027411256,
        "visible_line_f1": 0.6230931813117192,
        "hidden_line_f1": 0.1422116241705321,
        "bbox_scale_ratio": 18.952747598218522,
        "consensus_extents": {
          "x": 482.8125,
          "y": 962.8125,
          "z": 482.8125
        },
        "hidden_feature_count": 0,
        "views": {
          "f": {
            "score": 0.35507410800744044,
            "visible_f1": 0.506943521572638,
            "hidden_f1": 0.2032046944422429
          },
          "r": {
            "score": 0.3836353259718544,
            "visible_f1": 0.7672706519437088,
            "hidden_f1": 0.0
          },
          "t": {
            "score": 0.409247774244082,
            "visible_f1": 0.5950653704188106,
            "hidden_f1": 0.22343017806935334
          }
        }
      },
      "enhanced_best": {
        "name": "profile_extrude_f",
        "code_path": "reports/training_orthographic_case_study/code/119452_114cbeb4_0000__profile_extrude_f.py",
        "step_path": "reports/training_orthographic_case_study/steps/119452_114cbeb4_0000__profile_extrude_f.step",
        "success": true,
        "stderr": "",
        "bounding_box_iou": 7.300804991626806e-05,
        "volume_ratio": 0.00014329936728180845,
        "face_count_ratio": 0.7,
        "reprojection_score": 0.5583998467669159,
        "visible_line_f1": 0.7972595182886746,
        "hidden_line_f1": 0.31954017524515704,
        "bbox_scale_ratio": 18.953001897822826,
        "consensus_extents": {
          "x": 482.8125,
          "y": 962.8125,
          "z": 482.8125
        },
        "hidden_feature_count": 0,
        "views": {
          "f": {
            "score": 0.3756945586580199,
            "visible_f1": 0.7513891173160397,
            "hidden_f1": 0.0
          },
          "r": {
            "score": 0.6397885431339777,
            "visible_f1": 0.8000964835106613,
            "hidden_f1": 0.47948060275729404
          },
          "t": {
            "score": 0.65971643850875,
            "visible_f1": 0.8402929540393227,
            "hidden_f1": 0.4791399229781771
          }
        }
      }
    },
    {
      "case_id": "51509_fd5fcb9c_0001",
      "drawing_path": "training_data/drawings_svg/51509_fd5fcb9c_0001.svg",
      "reference_step_path": "training_data/shapes_step/51509_fd5fcb9c_0001.step",
      "candidate_records": [
        {
          "name": "visual_hull_hidden",
          "code_path": "reports/training_orthographic_case_study/code/51509_fd5fcb9c_0001__visual_hull_hidden.py",
          "step_path": "reports/training_orthographic_case_study/steps/51509_fd5fcb9c_0001__visual_hull_hidden.step",
          "success": true,
          "stderr": "",
          "bounding_box_iou": 0.00011161759651948311,
          "volume_ratio": 0.0009380361198981593,
          "face_count_ratio": 0.07894736842105263,
          "reprojection_score": 0.473580899250502,
          "visible_line_f1": 0.8881505323605524,
          "hidden_line_f1": 0.05901126614045173,
          "bbox_scale_ratio": 10.026417657933694,
          "consensus_extents": {
            "x": 993.2169351425168,
            "y": 950.271468887329,
            "z": 54.223890625000024
          },
          "hidden_feature_count": 0,
          "views": {
            "f": {
              "score": 0.4838746367674524,
              "visible_f1": 0.8695515835685168,
              "hidden_f1": 0.098197689966388
            },
            "r": {
              "score": 0.4707906032470914,
              "visible_f1": 0.8627450980392156,
              "hidden_f1": 0.07883610845496718
            },
            "t": {
              "score": 0.46607745773696235,
              "visible_f1": 0.9321549154739247,
              "hidden_f1": 0.0
            }
          }
        }
      ],
      "legacy_best": {
        "name": "visual_hull_hidden",
        "code_path": "reports/training_orthographic_case_study/code/51509_fd5fcb9c_0001__visual_hull_hidden.py",
        "step_path": "reports/training_orthographic_case_study/steps/51509_fd5fcb9c_0001__visual_hull_hidden.step",
        "success": true,
        "stderr": "",
        "bounding_box_iou": 0.00011161759651948311,
        "volume_ratio": 0.0009380361198981593,
        "face_count_ratio": 0.07894736842105263,
        "reprojection_score": 0.473580899250502,
        "visible_line_f1": 0.8881505323605524,